date,from,to
2/1/2011,kennethmc39,Moustafa-Mahmoud
2/1/2011,abebayi,atulch
2/1/2011,aidanpo1,atulch
2/1/2011,Robert-Kemp,leminhducng
2/1/2011,kennethmc39,Robert-Kemp
2/1/2011,Sheryl-Griffith,Robert-Kemp
2/1/2011,George-Adyrhaiev,Robert-Kemp
2/1/2011,aidanpo1,Robert-Kemp
2/1/2011,suzanneva5,Robert-Kemp
2/1/2011,Adaobi-Emoka,Robert-Kemp
2/1/2011,Robert-Kemp,kennethmc39
2/1/2011,janineis1,kennethmc39
2/1/2011,Sheryl-Griffith,kennethmc39
2/1/2011,George-Adyrhaiev,kennethmc39
2/1/2011,suzanneva5,kennethmc39
2/1/2011,Robert-Kemp,janineis1
2/1/2011,kennethmc39,janineis1
2/1/2011,abebayi,janineis1
2/1/2011,Sheryl-Griffith,Che-Little-Leaf-Matusiak
2/1/2011,leminhducng,christianmu5
2/1/2011,Robert-Kemp,christianmu5
2/1/2011,Matthew-Basaraba,christianmu5
2/1/2011,aidanpo1,christianmu5
2/1/2011,suzanneva5,christianmu5
2/1/2011,Robert-Kemp,Matthew-Basaraba
2/1/2011,Sheryl-Griffith,Matthew-Basaraba
2/1/2011,aidanpo1,Matthew-Basaraba
2/1/2011,Robert-Kemp,abebayi
2/1/2011,Sheryl-Griffith,abebayi
2/1/2011,aidanpo1,abebayi
2/1/2011,suzanneva5,abebayi
2/1/2011,Robert-Kemp,eugenegr
2/1/2011,kennethmc39,eugenegr
2/1/2011,abebayi,eugenegr
2/1/2011,George-Adyrhaiev,eugenegr
2/1/2011,suzanneva5,eugenegr
2/1/2011,Robert-Kemp,Sheryl-Griffith
2/1/2011,kennethmc39,Sheryl-Griffith
2/1/2011,abebayi,Sheryl-Griffith
2/1/2011,George-Adyrhaiev,Sheryl-Griffith
2/1/2011,aidanpo1,Sheryl-Griffith
2/1/2011,suzanneva5,Sheryl-Griffith
2/1/2011,Robert-Kemp,George-Adyrhaiev
2/1/2011,janineis1,George-Adyrhaiev
2/1/2011,christianmu5,George-Adyrhaiev
2/1/2011,abebayi,George-Adyrhaiev
2/1/2011,eugenegr,George-Adyrhaiev
2/1/2011,aidanpo1,George-Adyrhaiev
2/1/2011,suzanneva5,George-Adyrhaiev
2/1/2011,kennethmc39,aidanpo1
2/1/2011,Matthew-Basaraba,aidanpo1
2/1/2011,Sheryl-Griffith,aidanpo1
2/1/2011,Robert-Kemp,suzanneva5
2/1/2011,kennethmc39,suzanneva5
2/1/2011,abebayi,suzanneva5
2/1/2011,Sheryl-Griffith,suzanneva5
2/1/2011,George-Adyrhaiev,suzanneva5
